,OECD Total,Non-OECD Total,Canada,Chile,Colombia,Costa Rica,Mexico,United States,OECD Americas,Australia,Israel,Japan,Korea,New Zealand,OECD Asia Oceania,Austria,Belgium,Czech Republic,Denmark,Estonia,Finland,France,Germany,Greece,Hungary,Iceland,Ireland,Italy,Latvia,Lithuania,Luxembourg,Netherlands,Norway,Poland,Portugal,Slovak Republic,Slovenia,Spain,Sweden,Switzerland,Republic of Türkiye,United Kingdom,OECD Europe,Albania,Armenia,Azerbaijan,Belarus,Bosnia and Herzegovina,Bulgaria,Croatia,Cyprus,Georgia,Gibraltar,Kazakhstan,Kosovo,Kyrgyzstan,Malta,Republic of Moldova,Montenegro,Republic of North Macedonia,Romania,Russian Federation,Serbia,Tajikistan,Turkmenistan,Ukraine,Uzbekistan,Former Soviet Union (if no detail),Former Yugoslavia (if no detail),Non-OECD Europe and Eurasia,Algeria,Angola,Benin,Botswana,Cameroon,Congo,Côte d'Ivoire,Dem. Rep. of Congo,Egypt,Equatorial Guinea,Eritrea,Kingdom of Eswatini,Ethiopia,Gabon,Ghana,Kenya,Libya,Madagascar,Mauritius,Morocco,Mozambique,Namibia,Niger,Nigeria,Rwanda,Senegal,South Africa,South Sudan,Sudan,United Rep. of Tanzania,Togo,Tunisia,Uganda,Zambia,Zimbabwe,Other Africa,Africa,Bangladesh,Brunei Darussalam,Cambodia,DPR of Korea,India,Indonesia,Lao People's Democratic Republic,Malaysia,Mongolia,Myanmar,Nepal,Pakistan,Philippines,Singapore,Sri Lanka,Chinese Taipei,Thailand,Viet Nam,Other Asia,Asia (excl. China),People's Rep. of China,"Hong Kong, China","China (incl. Hong Kong, China)",Argentina,Bolivia,Brazil,Cuba,Curaçao,Dominican Republic,Ecuador,El Salvador,Guatemala,Guyana,Haiti,Honduras,Jamaica,Nicaragua,Panama,Paraguay,Peru,Suriname,Trinidad and Tobago,Uruguay,Venezuela,Other Non-OECD Americas,Non-OECD Americas,Bahrain,Islamic Rep. of Iran,Iraq,Jordan,Kuwait,Lebanon,Oman,Qatar,Saudi Arabia,Syrian Arab Republic ,United Arab Emirates,Yemen,Middle East
1971,0.621,1.03,0.716,0.465,..,0.139,0.31,0.803,0.773,0.45,0.29,0.493,0.751,0.219,0.482,0.337,0.658,2.33,0.405,..,0.492,0.442,0.675,0.246,1.166,0.333,0.547,0.327,..,..,1.412,0.444,0.21,2.272,0.22,1.775,..,0.295,0.449,0.113,0.345,0.548,0.525,1.325,..,..,..,..,2.919,..,0.679,..,0.15,..,..,..,0.674,..,..,..,2.21,..,..,..,..,..,..,2.124,0.903,2.058,0.234,0.109,0.121,0.23,0.133,0.3,0.2,0.088,0.465,..,..,0.359,0.133,0.129,0.182,0.28,0.069,0.122,0.198,0.356,0.903,..,0.055,0.055,0.042,0.248,1.317,..,0.234,0.209,0.168,0.562,0.154,0.573,0.776,0.198,0.419,0.075,0.072,..,7.985,0.877,0.349,..,1.24,..,0.928,0.046,0.417,0.444,0.371,0.299,1.07,0.453,0.704,0.4,0.727,3.118,0.321,2.829,0.314,0.255,0.228,0.829,11.173,0.395,0.199,0.13,0.158,0.645,0.053,0.273,0.813,0.251,0.318,0.105,0.323,..,0.88,0.249,0.828,0.155,0.329,1.172,0.23,1.643,0.287,0.27,0.167,0.035,0.117,0.084,4.689,0.101,0.21,0.205
1972,0.615,1.026,0.714,0.461,..,0.144,0.325,0.805,0.775,0.449,0.271,0.478,0.726,0.239,0.47,0.329,0.678,2.21,0.404,..,0.5,0.439,0.662,0.258,1.132,0.335,0.508,0.334,..,..,1.296,0.479,0.204,2.141,0.206,1.714,..,0.286,0.439,0.11,0.377,0.509,0.515,1.4,..,..,..,..,2.792,..,0.767,..,0.125,..,..,..,0.805,..,..,..,2.062,..,..,..,..,..,..,2.147,0.86,2.067,0.206,0.16,0.149,0.235,0.136,0.292,0.212,0.09,0.507,..,..,0.349,0.12,0.115,0.196,0.251,0.097,0.128,0.203,0.382,0.792,..,0.063,0.064,0.046,0.24,1.343,..,0.262,0.229,0.163,0.531,0.154,0.589,0.679,0.193,0.432,0.087,0.065,..,7.273,0.916,0.367,..,0.553,..,0.882,0.061,0.417,0.437,0.391,0.369,1.065,0.491,0.76,0.385,0.725,3.2,0.3,2.884,0.317,0.263,0.221,0.769,10.603,0.47,0.191,0.144,0.162,0.677,0.049,0.266,0.685,0.252,0.325,0.109,0.312,..,0.848,0.275,0.844,0.179,0.323,1.31,0.222,1.765,0.302,0.285,0.162,0.032,0.114,0.077,3.532,0.092,0.234,0.195
1973,0.611,1.008,0.702,0.471,..,0.153,0.333,0.789,0.76,0.465,0.279,0.503,0.786,0.239,0.495,0.335,0.663,1.988,0.38,..,0.513,0.446,0.664,0.278,1.133,0.349,0.472,0.334,..,..,1.295,0.473,0.194,2.017,0.206,1.64,..,0.296,0.43,0.117,0.393,0.503,0.512,1.113,..,..,..,..,2.658,..,0.744,..,0.116,..,..,..,0.741,..,..,..,2.037,..,..,..,..,..,..,2.101,0.912,2.029,0.226,0.137,0.147,0.259,0.134,0.267,0.204,0.082,0.45,..,..,0.336,0.127,0.135,0.197,0.247,0.104,0.121,0.205,0.425,0.782,..,0.091,0.075,0.047,0.28,1.407,..,0.347,0.227,0.133,0.546,0.141,0.65,0.771,0.2,0.451,0.1,0.107,..,6.619,0.884,0.384,..,0.512,..,0.698,0.093,0.413,0.45,0.397,0.36,1.041,0.505,0.831,0.419,0.713,3.087,0.27,2.768,0.319,0.262,0.229,0.797,11.085,0.42,0.188,0.151,0.16,0.775,0.048,0.269,0.777,0.259,0.339,0.113,0.31,..,0.864,0.256,0.915,0.172,0.328,1.748,0.251,1.736,0.371,0.315,0.199,0.042,0.135,0.076,3.781,0.063,0.271,0.197
1974,0.592,0.995,0.697,0.453,..,0.14,0.343,0.768,0.741,0.488,0.265,0.503,0.753,0.235,0.496,0.306,0.624,1.873,0.342,..,0.459,0.412,0.642,0.285,1.107,0.329,0.491,0.32,..,..,1.141,0.432,0.181,1.899,0.207,1.588,..,0.304,0.381,0.103,0.39,0.484,0.489,1.191,..,..,..,..,2.509,..,0.607,..,0.118,..,..,..,0.616,..,..,..,1.824,..,..,..,..,..,..,2.102,0.856,2.007,0.229,0.148,0.147,0.415,0.12,0.249,0.203,0.082,0.502,..,..,0.332,0.128,0.089,0.193,0.237,0.128,0.118,0.228,0.44,0.847,..,0.079,0.074,0.046,0.287,1.377,..,0.292,0.199,0.114,0.571,0.148,0.611,0.692,0.207,0.453,0.104,0.17,..,6.218,0.947,0.393,..,0.553,..,0.775,0.083,0.422,0.417,0.39,0.283,0.894,0.48,0.643,0.461,0.713,3.079,0.301,2.764,0.304,0.279,0.23,0.857,9.627,0.427,0.224,0.144,0.155,0.634,0.051,0.269,0.801,0.25,0.337,0.099,0.305,..,0.762,0.239,0.916,0.144,0.319,1.211,0.268,1.625,0.394,0.337,0.195,0.058,0.13,0.075,4.259,0.057,0.251,0.2
1975,0.569,1.051,0.672,0.452,0.427,0.151,0.341,0.739,0.705,0.501,0.266,0.468,0.758,0.226,0.473,0.297,0.561,1.882,0.365,..,0.45,0.385,0.614,0.283,1.064,0.318,0.435,0.312,..,..,0.971,0.406,0.179,1.816,0.237,1.576,..,0.312,0.384,0.106,0.393,0.476,0.478,1.187,..,..,..,..,2.459,..,0.545,..,0.125,..,..,..,0.462,..,..,..,1.79,..,..,..,..,..,..,2.17,0.874,2.064,0.247,0.131,0.169,0.474,0.139,0.232,0.203,0.084,0.503,..,..,0.33,0.117,0.101,0.233,0.23,0.145,0.13,0.24,0.434,0.865,..,0.096,0.092,0.058,0.292,1.483,..,0.19,0.175,0.129,0.54,0.141,0.654,0.66,0.21,0.482,0.123,0.209,..,5.763,0.926,0.4,..,0.584,..,0.726,0.069,0.451,0.435,0.374,0.243,0.963,0.469,0.725,0.418,0.72,3.306,0.296,2.988,0.295,0.305,0.233,0.804,6.936,0.423,0.228,0.159,0.169,0.691,0.051,0.28,0.705,0.252,0.345,0.098,0.305,..,0.662,0.239,0.887,0.176,0.313,1.143,0.312,1.749,0.467,0.351,0.213,0.075,0.253,0.092,4.329,0.079,0.216,0.237
1976,0.575,1.031,0.655,0.455,0.432,0.149,0.352,0.743,0.708,0.495,0.266,0.464,0.744,0.248,0.47,0.31,0.573,1.827,0.382,..,0.512,0.404,0.619,0.301,1.074,0.295,0.444,0.315,..,..,1.014,0.415,0.182,1.818,0.238,1.502,..,0.334,0.413,0.113,0.397,0.467,0.486,1.195,..,..,..,..,2.302,..,0.53,..,0.122,..,..,..,0.449,..,..,..,1.762,..,..,..,..,..,..,2.118,0.845,2.012,0.268,0.144,0.102,0.625,0.134,0.282,0.206,0.091,0.518,..,..,0.331,0.115,0.115,0.246,0.259,0.142,0.124,0.225,0.43,0.928,..,0.101,0.107,0.066,0.279,1.55,..,0.162,0.162,0.112,0.531,0.183,0.614,0.732,0.206,0.489,0.123,0.229,..,5.536,0.974,0.383,..,0.569,..,0.73,0.051,0.409,0.397,0.376,0.24,1.1,0.489,0.473,0.407,0.723,3.496,0.295,3.104,0.314,0.318,0.233,0.792,7.044,0.406,0.246,0.154,0.151,0.69,0.065,0.271,0.675,0.275,0.338,0.101,0.305,..,0.705,0.234,0.874,0.151,0.314,1.004,0.302,1.853,0.461,0.351,0.454,0.096,0.155,0.09,4.337,0.087,0.236,0.235
1977,0.566,1.031,0.652,0.43,0.429,0.173,0.362,0.735,0.702,0.515,0.278,0.457,0.756,0.266,0.471,0.281,0.564,1.848,0.385,..,0.507,0.378,0.59,0.303,1.047,0.279,0.441,0.298,..,..,0.949,0.398,0.183,1.791,0.218,1.491,..,0.311,0.405,0.112,0.416,0.464,0.472,1.191,..,..,..,..,2.25,..,0.497,..,0.113,..,..,..,0.422,..,..,..,1.662,..,..,..,..,..,..,2.069,0.818,1.958,0.283,0.11,0.116,0.637,0.169,0.265,0.188,0.094,0.51,..,..,0.327,0.112,0.148,0.257,0.248,0.149,0.126,0.243,0.445,0.876,..,0.106,0.123,0.064,0.311,1.554,..,0.162,0.162,0.133,0.574,0.168,0.567,0.681,0.208,0.484,0.123,0.221,..,5.216,0.924,0.423,..,0.524,..,0.737,0.059,0.419,0.414,0.393,0.247,1.027,0.493,0.502,0.441,0.713,3.679,0.305,3.252,0.307,0.323,0.228,0.797,6.999,0.411,0.285,0.148,0.162,0.71,0.065,0.273,0.762,0.312,0.332,0.13,0.299,..,0.74,0.227,0.852,0.156,0.311,0.97,0.349,1.903,0.451,0.386,0.218,0.111,0.202,0.111,4.784,0.12,0.216,0.258
1978,0.549,1.063,0.631,0.414,0.421,0.174,0.366,0.695,0.666,0.498,0.281,0.432,0.742,0.258,0.449,0.294,0.572,1.767,0.375,..,0.538,0.379,0.594,0.3,1.105,0.283,0.406,0.294,..,..,0.996,0.401,0.18,1.856,0.224,1.592,..,0.305,0.373,0.114,0.415,0.444,0.471,1.266,..,..,..,..,2.217,..,0.487,..,0.104,..,..,..,0.446,..,..,..,1.672,..,..,..,..,..,..,2.074,0.808,1.958,0.315,0.18,0.13,0.63,0.148,0.266,0.198,0.102,0.483,..,..,0.61,0.128,0.257,0.239,0.231,0.16,0.141,0.251,0.465,0.75,..,0.102,0.159,0.066,0.314,1.352,..,0.156,0.172,0.12,0.588,0.139,0.538,0.715,0.206,0.463,0.124,0.195,..,4.906,0.851,0.448,..,0.546,..,0.716,0.055,0.406,0.407,0.421,0.269,1.036,0.501,0.514,0.422,0.693,3.738,0.299,3.313,0.317,0.345,0.237,0.808,5.772,0.414,0.308,0.142,0.173,0.681,0.067,0.259,0.782,0.305,0.286,0.145,0.31,..,0.666,0.221,0.905,0.146,0.319,0.951,0.396,1.83,0.473,0.397,0.283,0.136,0.174,0.18,4.391,0.14,0.19,0.306
1979,0.541,1.054,0.63,0.407,0.404,0.165,0.361,0.678,0.65,0.494,0.271,0.419,0.771,0.227,0.44,0.291,0.575,1.806,0.382,..,0.497,0.372,0.596,0.306,1.058,0.28,0.459,0.29,..,..,0.912,0.42,0.183,1.927,0.235,1.569,..,0.324,0.37,0.108,0.386,0.451,0.471,1.425,..,..,..,..,2.163,..,0.481,..,0.14,..,..,..,0.392,..,..,..,1.631,..,..,..,..,..,..,2.064,0.794,1.942,0.367,0.173,0.123,0.64,0.151,0.233,0.177,0.113,0.51,..,..,0.593,0.133,0.196,0.215,0.212,0.157,0.139,0.244,0.475,0.703,..,0.104,0.154,0.059,0.325,1.33,..,0.168,0.17,0.152,0.645,0.164,0.496,0.688,0.232,0.462,0.13,0.167,..,4.779,0.974,0.473,..,0.558,..,0.699,0.086,0.423,0.399,0.414,0.274,0.947,0.508,0.554,0.445,0.727,3.536,0.249,3.117,0.303,0.341,0.235,0.799,5.602,0.417,0.312,0.141,0.186,0.662,0.063,0.26,0.759,0.276,0.288,0.125,0.311,..,0.647,0.226,1.024,0.134,0.317,1.028,0.498,1.768,0.403,0.447,0.281,0.16,0.272,0.225,5.718,0.137,0.194,0.352
1980,0.518,1.047,0.624,0.391,0.404,0.145,0.367,0.651,0.625,0.503,0.259,0.386,0.812,0.226,0.417,0.276,0.522,1.709,0.384,..,0.477,0.35,0.561,0.306,1.046,0.254,0.427,0.283,..,..,0.829,0.394,0.166,2.1,0.239,1.67,..,0.341,0.323,0.104,0.412,0.422,0.452,1.412,..,..,..,..,2.116,..,0.482,..,0.173,..,..,..,0.408,..,..,..,1.567,..,..,..,..,..,..,2.102,0.744,1.964,0.399,0.177,0.116,0.604,0.149,0.219,0.156,0.109,0.553,..,..,0.629,0.131,0.185,0.211,0.215,0.168,0.154,0.256,0.47,0.835,..,0.124,0.177,0.153,0.343,1.308,..,0.191,0.161,0.138,0.65,0.159,0.483,0.683,0.23,0.477,0.149,0.242,..,4.602,0.972,0.49,..,0.566,..,0.689,0.101,0.419,0.351,0.376,0.259,0.974,0.511,0.603,0.475,0.732,3.201,0.231,2.815,0.294,0.355,0.213,0.862,5.131,0.398,0.319,0.127,0.179,0.713,0.056,0.26,0.77,0.303,0.262,0.112,0.307,..,0.631,0.191,1.176,0.127,0.304,0.97,0.587,1.401,0.452,0.58,0.292,0.179,0.309,0.287,4.782,0.185,0.245,0.4
1981,0.495,1.046,0.575,0.366,0.396,0.139,0.359,0.626,0.598,0.484,0.258,0.36,0.792,0.216,0.394,0.262,0.48,1.68,0.324,..,0.391,0.31,0.543,0.307,1.006,0.242,0.414,0.279,..,..,0.696,0.39,0.153,2.164,0.241,1.596,..,0.35,0.28,0.096,0.392,0.413,0.432,1.146,..,..,..,..,1.915,..,0.459,..,0.163,..,..,..,0.448,..,..,..,1.577,..,..,..,..,..,..,2.05,0.841,1.924,0.448,0.176,0.086,0.61,0.133,0.224,0.133,0.116,0.619,0.918,..,0.554,0.144,0.242,0.269,0.202,0.231,0.137,0.244,0.49,0.69,..,0.147,0.228,0.182,0.32,1.307,..,0.176,0.158,0.142,0.633,0.123,0.409,0.605,0.218,0.52,0.139,0.296,..,4.307,1.008,0.492,..,0.567,..,0.641,0.08,0.426,0.324,0.362,0.255,0.83,0.466,0.585,0.447,0.721,3.029,0.227,2.653,0.305,0.382,0.207,0.718,4.789,0.362,0.348,0.127,0.154,0.709,0.046,0.251,0.731,0.301,0.207,0.099,0.303,..,0.682,0.178,1.208,0.124,0.304,1.012,0.637,1.359,0.479,0.724,0.277,0.171,0.39,0.32,4.96,0.208,0.203,0.429
1982,0.48,1.06,0.569,0.366,0.399,0.125,0.377,0.608,0.584,0.499,0.271,0.337,0.73,0.232,0.377,0.249,0.451,1.663,0.325,..,0.367,0.289,0.525,0.319,0.982,0.213,0.401,0.274,..,..,0.646,0.372,0.145,2.31,0.241,1.505,..,0.335,0.252,0.092,0.414,0.395,0.418,1.164,..,..,..,..,1.876,..,0.439,..,0.176,..,..,..,0.503,..,..,..,1.499,..,..,..,..,..,..,2.016,0.888,1.893,0.502,0.153,0.103,0.55,0.133,0.241,0.132,0.091,0.623,0.689,..,0.551,0.13,0.252,0.249,0.182,0.246,0.129,0.213,0.468,0.678,..,0.151,0.277,0.192,0.285,1.292,..,0.173,0.144,0.176,0.62,0.104,0.404,0.576,0.198,0.526,0.147,0.297,..,4.106,1.03,0.498,..,0.56,..,0.623,0.088,0.44,0.314,0.35,0.272,0.801,0.423,0.582,0.439,0.721,2.895,0.255,2.558,0.313,0.424,0.206,0.662,4.399,0.344,0.345,0.134,0.14,0.633,0.061,0.253,0.599,0.301,0.231,0.101,0.302,..,0.64,0.184,1.189,0.117,0.303,0.997,0.584,1.413,0.516,0.905,0.323,0.18,0.462,0.448,5.786,0.246,0.217,0.515
1983,0.463,1.071,0.545,0.389,0.413,0.125,0.384,0.577,0.559,0.473,0.275,0.328,0.683,0.234,0.365,0.24,0.413,1.622,0.298,..,0.344,0.274,0.518,0.345,0.932,0.222,0.401,0.267,..,..,0.593,0.354,0.14,2.2,0.245,1.455,..,0.336,0.225,0.103,0.424,0.374,0.406,1.256,..,..,..,..,1.79,..,0.425,..,0.153,..,..,..,0.38,..,..,..,1.432,..,..,..,..,..,..,1.972,0.971,1.857,0.521,0.155,0.105,0.486,0.135,0.237,0.17,0.121,0.64,0.425,..,0.415,0.129,0.256,0.174,0.165,0.258,0.115,0.242,0.496,0.744,..,0.175,0.321,0.203,0.299,1.267,..,0.179,0.143,0.128,0.681,0.096,0.392,0.585,0.21,0.537,0.132,0.318,..,3.879,1.024,0.477,..,0.585,..,0.577,0.129,0.432,0.331,0.348,0.277,0.78,0.445,0.578,0.448,0.72,2.746,0.283,2.443,0.313,0.452,0.203,0.683,4.033,0.383,0.333,0.133,0.123,0.642,0.07,0.277,0.579,0.302,0.28,0.099,0.281,..,0.675,0.156,1.311,0.107,0.304,0.969,0.632,1.879,0.555,0.919,0.292,0.205,0.506,0.574,6.713,0.251,0.232,0.596
1984,0.456,1.069,0.535,0.391,0.404,0.123,0.384,0.562,0.546,0.459,0.28,0.337,0.672,0.224,0.371,0.247,0.411,1.623,0.295,..,0.344,0.261,0.514,0.35,0.932,0.227,0.385,0.263,..,..,0.62,0.356,0.136,2.296,0.238,1.486,..,0.314,0.212,0.098,0.418,0.354,0.399,1.334,..,..,..,..,1.671,..,0.408,..,0.144,..,..,..,0.514,..,..,..,1.322,..,..,..,..,..,..,1.974,0.983,1.847,0.481,0.141,0.109,0.455,0.132,0.21,0.155,0.112,0.65,0.452,..,0.459,0.122,0.202,0.19,0.194,0.287,0.147,0.246,0.486,0.679,..,0.173,0.299,0.167,0.308,1.277,..,0.169,0.14,0.138,0.664,0.104,0.401,0.618,0.201,0.543,0.124,0.318,..,3.662,1.089,0.45,..,0.553,..,0.606,0.129,0.449,0.318,0.333,0.223,0.732,0.462,0.529,0.452,0.726,2.599,0.284,2.326,0.305,0.414,0.193,0.661,3.836,0.397,0.322,0.133,0.138,0.681,0.072,0.276,0.535,0.28,0.227,0.108,0.283,..,0.729,0.142,1.248,0.111,0.293,0.952,0.737,2.053,0.57,0.891,0.213,0.23,0.486,0.524,8.09,0.31,0.231,0.612
1985,0.445,1.057,0.511,0.372,0.409,0.129,0.392,0.543,0.529,0.46,0.288,0.313,0.641,0.226,0.352,0.249,0.401,1.605,0.324,..,0.365,0.25,0.507,0.366,0.926,0.211,0.402,0.256,..,..,0.6,0.354,0.136,2.279,0.224,1.466,..,0.297,0.224,0.103,0.436,0.358,0.395,1.301,..,..,..,..,1.7,..,0.394,..,0.149,..,..,..,0.438,..,..,..,1.323,..,..,..,..,..,..,1.98,1.038,1.858,0.47,0.172,0.13,0.452,0.135,0.214,0.137,0.105,0.631,0.373,..,0.519,0.142,0.213,0.207,0.192,0.268,0.133,0.217,0.475,0.688,..,0.166,0.295,0.164,0.31,1.308,..,0.203,0.141,0.116,0.645,0.112,0.39,0.677,0.198,0.539,0.145,0.325,..,3.456,1.08,0.474,..,0.611,3.628,0.616,0.084,0.456,0.343,0.354,0.194,0.703,0.488,0.503,0.256,0.738,2.299,0.294,2.087,0.305,0.408,0.188,0.604,2.514,0.356,0.322,0.143,0.143,0.697,0.073,0.234,0.482,0.294,0.202,0.106,0.269,..,0.749,0.133,1.239,0.109,0.281,1.009,0.788,2.274,0.609,1.033,0.207,0.227,0.561,0.583,6.684,0.355,0.239,0.663
1986,0.432,1.049,0.49,0.363,0.393,0.129,0.406,0.521,0.509,0.452,0.305,0.303,0.6,0.21,0.341,0.239,0.395,1.539,0.312,..,0.356,0.237,0.497,0.363,0.894,0.207,0.415,0.249,..,..,0.529,0.351,0.147,2.232,0.247,1.336,0.496,0.295,0.223,0.101,0.442,0.357,0.387,1.236,..,..,..,..,1.633,..,0.417,..,0.184,..,..,..,0.682,..,..,..,1.33,..,..,..,..,..,..,1.952,1.054,1.835,0.529,0.164,0.11,0.479,0.123,0.189,0.132,0.092,0.614,0.441,..,0.483,0.153,0.191,0.208,0.203,0.3,0.122,0.247,0.452,0.689,..,0.208,0.281,0.154,0.289,1.287,..,0.182,0.14,0.182,0.673,0.123,0.396,0.745,0.189,0.536,0.154,0.333,..,3.29,1.124,0.492,..,0.594,3.603,0.658,0.108,0.452,0.306,0.354,0.183,0.74,0.477,0.533,0.234,0.748,2.235,0.302,2.026,0.304,0.395,0.195,0.614,2.336,0.391,0.319,0.141,0.104,0.661,0.068,0.226,0.429,0.351,0.201,0.109,0.257,..,0.794,0.121,1.164,0.107,0.279,1.079,0.811,2.43,0.633,1.041,0.237,0.246,0.577,0.501,7.536,0.494,0.245,0.673
1987,0.427,1.061,0.484,0.345,0.396,0.132,0.414,0.521,0.509,0.451,0.308,0.291,0.552,0.22,0.331,0.238,0.386,1.525,0.302,..,0.371,0.227,0.485,0.409,0.869,0.196,0.425,0.255,..,..,0.479,0.354,0.134,2.261,0.234,1.365,0.481,0.28,0.209,0.095,0.442,0.341,0.38,1.296,..,..,..,..,1.58,..,0.461,..,0.194,..,..,..,0.686,..,..,..,1.385,..,..,..,..,..,..,1.99,1.002,1.867,0.531,0.162,0.099,0.433,0.124,0.194,0.131,0.099,0.635,0.449,..,0.46,0.153,0.195,0.203,0.2,0.385,0.131,0.238,0.475,0.6,..,0.205,0.28,0.154,0.276,1.349,..,0.131,0.132,0.203,0.634,0.133,0.38,0.97,0.263,0.563,0.164,0.333,..,2.949,1.165,0.474,..,0.588,3.688,0.511,0.107,0.501,0.361,0.327,0.209,0.694,0.502,0.587,0.241,0.75,2.142,0.271,1.937,0.315,0.402,0.194,0.665,2.115,0.406,0.331,0.17,0.118,0.653,0.075,0.237,0.412,0.368,0.228,0.115,0.258,..,0.875,0.129,1.099,0.112,0.28,1.075,0.868,2.304,0.65,1.034,0.208,0.26,0.583,0.59,8.444,0.519,0.26,0.727
1988,0.42,1.062,0.498,0.389,0.384,0.134,0.407,0.523,0.512,0.45,0.315,0.294,0.562,0.233,0.334,0.227,0.375,1.474,0.283,..,0.347,0.216,0.464,0.418,0.818,0.205,0.398,0.248,..,..,0.462,0.334,0.135,2.135,0.231,1.365,0.488,0.271,0.195,0.092,0.414,0.323,0.363,1.301,..,..,..,..,1.523,..,0.432,..,0.207,..,..,..,0.689,..,..,..,1.428,..,..,..,..,..,..,1.977,1.08,1.864,0.569,0.172,0.094,0.421,0.147,0.148,0.13,0.104,0.621,0.492,..,0.457,0.158,0.213,0.196,0.187,0.376,0.117,0.248,0.45,0.559,..,0.197,0.273,0.18,0.264,1.287,..,0.183,0.13,0.178,0.686,0.133,0.388,0.878,0.255,0.551,0.167,0.344,..,2.833,1.122,0.473,..,0.565,3.727,0.546,0.099,0.511,0.354,0.336,0.193,0.755,0.506,0.541,0.225,0.74,2.076,0.277,1.883,0.334,0.392,0.197,0.676,1.784,0.4,0.316,0.174,0.121,0.721,0.081,0.257,0.449,0.364,0.205,0.124,0.29,..,0.98,0.167,1.043,0.115,0.287,1.066,0.947,2.583,0.612,1.395,0.22,0.259,0.577,0.554,7.691,0.548,0.266,0.76
1989,0.411,1.057,0.505,0.426,0.387,0.144,0.414,0.511,0.502,0.454,0.323,0.288,0.556,0.234,0.331,0.219,0.367,1.373,0.252,..,0.331,0.216,0.436,0.434,0.796,0.204,0.392,0.251,..,..,0.454,0.327,0.13,1.965,0.278,1.311,0.484,0.283,0.181,0.087,0.458,0.308,0.351,1.132,..,..,..,..,1.52,..,0.418,..,0.193,..,..,..,0.691,..,..,..,1.485,..,..,..,..,..,..,1.931,1.082,1.832,0.543,0.177,0.077,0.443,0.164,0.12,0.121,0.1,0.634,0.663,..,0.437,0.167,0.145,0.208,0.189,0.351,0.117,0.267,0.476,0.517,..,0.202,0.272,0.189,0.269,1.275,..,0.163,0.126,0.173,0.722,0.116,0.414,0.858,0.256,0.547,0.175,0.346,..,2.647,1.138,0.452,..,0.608,3.394,0.514,0.074,0.529,0.348,0.327,0.18,0.758,0.523,0.423,0.222,0.734,2.062,0.282,1.874,0.35,0.411,0.193,0.695,1.459,0.408,0.309,0.168,0.122,0.67,0.087,0.277,0.553,0.302,0.21,0.116,0.304,..,0.972,0.178,1.307,0.12,0.292,1.072,0.985,2.943,0.693,1.289,0.383,0.26,0.583,0.556,7.983,0.541,0.268,0.789
1990,0.398,1.095,0.466,0.403,0.388,0.138,0.386,0.491,0.481,0.456,0.311,0.298,0.576,0.247,0.341,0.234,0.358,1.278,0.252,2.573,0.345,0.208,0.401,0.441,0.742,0.21,0.375,0.249,1.086,1.285,0.435,0.325,0.13,1.765,0.263,1.376,0.497,0.277,0.177,0.087,0.447,0.307,0.34,1.044,3.233,2.487,3.365,6.93,1.447,0.499,0.4,1.986,0.201,2.492,..,4.414,0.649,3.739,..,1.176,1.394,1.866,2.859,1.964,3.142,4.437,3.676,..,..,2.146,0.556,0.218,0.064,0.482,0.17,0.115,0.113,0.097,0.636,0.595,..,0.593,0.174,0.111,0.193,0.176,0.346,0.133,0.286,0.463,0.381,..,0.145,0.206,0.192,0.277,1.317,..,0.216,0.123,0.183,0.705,0.129,0.343,0.904,0.234,0.542,0.179,0.358,..,2.626,1.139,0.51,..,0.661,3.272,0.468,0.109,0.532,0.347,0.409,0.174,0.735,0.574,0.398,0.227,0.743,2.017,0.281,1.834,0.331,0.432,0.201,0.647,1.263,0.369,0.332,0.166,0.125,0.657,0.087,0.253,0.617,0.355,0.201,0.118,0.317,..,0.996,0.134,1.255,0.256,0.302,1.077,0.912,1.795,0.759,0.795,0.442,0.356,0.662,0.528,8.267,0.437,0.263,0.7
1991,0.396,1.082,0.47,0.359,0.393,0.143,0.398,0.488,0.478,0.463,0.302,0.291,0.58,0.254,0.338,0.243,0.364,1.319,0.299,2.522,0.372,0.221,0.373,0.429,0.814,0.207,0.376,0.245,1.057,1.454,0.419,0.33,0.119,1.906,0.265,1.362,0.514,0.281,0.182,0.093,0.454,0.317,0.339,0.973,3.817,2.438,3.282,7.266,1.306,0.426,0.454,1.918,0.289,2.907,..,4.301,0.583,3.202,..,1.223,1.328,1.94,2.728,1.952,2.788,4.601,3.72,..,..,2.215,0.602,0.199,0.048,0.442,0.162,0.119,0.117,0.058,0.618,0.626,..,0.575,0.191,0.123,0.165,0.167,0.299,0.153,0.295,0.451,0.297,0.258,0.138,0.243,0.179,0.27,1.303,..,0.181,0.119,0.168,0.695,0.129,0.368,0.946,0.264,0.537,0.164,0.361,..,2.628,1.215,0.506,..,0.73,4.118,0.462,0.13,0.517,0.343,0.403,0.163,0.734,0.587,0.369,0.22,0.755,1.95,0.291,1.78,0.318,0.415,0.206,0.564,1.279,0.379,0.33,0.215,0.129,0.605,0.082,0.26,0.608,0.351,0.214,0.111,0.301,..,0.954,0.149,1.128,0.26,0.297,1.014,0.904,4.132,0.808,0.369,0.403,0.466,0.743,0.478,8.166,0.488,0.32,0.68
1992,0.388,1.049,0.48,0.334,0.392,0.183,0.388,0.478,0.47,0.459,0.301,0.292,0.594,0.272,0.34,0.219,0.351,1.275,0.265,2.109,0.365,0.211,0.35,0.44,0.756,0.218,0.364,0.241,0.993,0.953,0.399,0.322,0.128,1.823,0.284,1.279,0.531,0.294,0.193,0.094,0.443,0.309,0.326,0.588,3.379,2.567,3.277,5.811,1.345,0.437,0.444,2.711,0.341,3.145,..,3.25,0.546,3.017,..,1.301,1.286,2.082,2.564,2.024,2.399,4.433,3.907,..,..,2.302,0.595,0.173,0.049,0.534,0.156,0.102,0.116,0.056,0.639,0.471,0.433,0.466,0.132,0.132,0.186,0.17,0.317,0.153,0.293,0.499,0.387,0.258,0.125,0.286,0.169,0.291,1.313,..,0.16,0.118,0.124,0.682,0.123,0.358,1.049,0.278,0.548,0.17,0.365,..,2.509,1.2,0.5,..,0.703,3.962,0.449,0.126,0.537,0.375,0.389,0.216,0.718,0.586,0.352,0.198,0.74,1.78,0.306,1.639,0.293,0.426,0.212,0.51,1.301,0.401,0.339,0.23,0.153,0.531,0.077,0.279,0.649,0.407,0.233,0.131,0.316,..,0.907,0.151,1.089,0.257,0.296,1.122,0.945,4.77,0.798,0.585,0.383,0.406,0.708,0.499,6.848,0.452,0.32,0.713
1993,0.386,1.02,0.465,0.332,0.391,0.169,0.387,0.476,0.468,0.448,0.318,0.291,0.611,0.255,0.342,0.218,0.35,1.221,0.276,1.858,0.377,0.201,0.351,0.446,0.764,0.22,0.358,0.242,0.951,0.86,0.394,0.326,0.131,1.753,0.279,1.213,0.55,0.279,0.196,0.089,0.428,0.293,0.32,0.496,1.814,2.939,3.077,4.962,1.536,0.492,0.459,3.082,0.338,2.967,..,2.752,0.677,2.617,..,1.458,1.18,2.095,2.191,1.526,2.524,4.5,4.027,..,..,2.277,0.627,0.169,0.046,0.506,0.172,0.098,0.124,0.063,0.635,0.444,0.556,0.406,0.15,0.137,0.18,0.168,0.352,0.155,0.309,0.52,0.411,0.303,0.143,0.257,0.19,0.28,1.338,..,0.109,0.12,0.1,0.687,0.115,0.314,0.956,0.277,0.554,0.173,0.392,..,2.408,1.195,0.504,..,0.689,3.777,0.482,0.138,0.58,0.396,0.402,0.197,0.72,0.608,0.388,0.197,0.739,1.702,0.294,1.576,0.285,0.431,0.21,0.554,1.045,0.371,0.315,0.244,0.162,0.493,0.064,0.277,0.649,0.404,0.223,0.144,0.31,..,0.88,0.138,1.151,0.255,0.293,1.11,0.97,4.747,0.775,0.557,0.526,0.361,0.755,0.536,6.372,0.475,0.272,0.751
1994,0.38,0.972,0.461,0.347,0.372,0.189,0.402,0.465,0.458,0.436,0.319,0.302,0.603,0.244,0.35,0.215,0.352,1.133,0.28,1.917,0.406,0.194,0.338,0.447,0.732,0.225,0.349,0.234,0.804,0.79,0.349,0.316,0.131,1.638,0.284,1.071,0.521,0.284,0.195,0.086,0.446,0.28,0.311,0.467,0.937,3.259,2.961,1.091,1.522,0.436,0.451,2.241,0.383,3.052,..,2.23,0.572,3.075,..,1.436,1.11,2.128,1.946,1.136,3.798,4.862,4.008,..,..,2.261,0.61,0.152,0.046,0.483,0.186,0.065,0.13,0.059,0.57,0.411,0.519,0.707,0.167,0.128,0.188,0.167,0.404,0.191,0.306,0.511,0.323,0.34,0.134,0.216,0.324,0.288,1.325,..,0.156,0.125,0.205,0.667,0.096,0.31,0.815,0.282,0.541,0.179,0.407,..,2.235,1.183,0.505,..,0.68,3.218,0.526,0.159,0.576,0.404,0.38,0.204,0.709,0.629,0.396,0.194,0.729,1.566,0.235,1.453,0.276,0.45,0.207,0.592,1.147,0.426,0.321,0.268,0.167,0.591,0.021,0.318,0.642,0.441,0.23,0.161,0.283,..,0.87,0.119,1.186,0.255,0.289,1.101,1.126,5.102,0.779,0.591,0.534,0.345,0.779,0.568,6.28,0.487,0.267,0.809
1995,0.375,0.975,0.459,0.347,0.369,0.181,0.402,0.457,0.452,0.44,0.312,0.297,0.596,0.234,0.348,0.222,0.343,1.06,0.258,1.675,0.365,0.194,0.332,0.454,0.709,0.215,0.324,0.241,0.721,0.751,0.274,0.316,0.123,1.535,0.298,1.008,0.532,0.287,0.186,0.088,0.457,0.268,0.306,0.389,1.091,3.645,2.962,0.967,1.564,0.432,0.403,1.708,0.364,2.916,..,1.652,0.51,2.686,..,1.444,1.085,2.152,2.101,1.087,4.177,5.338,3.64,..,..,2.252,0.595,0.129,0.045,0.461,0.173,0.086,0.129,0.054,0.58,0.349,0.553,0.655,0.177,0.138,0.197,0.173,0.547,0.212,0.301,0.569,0.339,0.354,0.126,0.228,0.256,0.29,1.345,..,0.135,0.169,0.168,0.661,0.114,0.297,0.791,0.282,0.555,0.209,0.424,0.28,2.191,1.182,0.534,..,0.675,3.01,0.606,0.167,0.595,0.468,0.351,0.195,0.702,0.659,0.424,0.182,0.738,1.574,0.233,1.468,0.285,0.482,0.214,0.614,1.114,0.428,0.351,0.287,0.19,0.609,0.092,0.357,0.646,0.437,0.245,0.171,0.299,..,0.849,0.135,1.201,0.251,0.298,1.095,1.128,4.873,0.788,0.575,0.579,0.387,0.813,0.563,6.307,0.484,0.292,0.805
1996,0.375,0.933,0.466,0.383,0.36,0.168,0.396,0.454,0.449,0.438,0.309,0.291,0.592,0.235,0.344,0.23,0.352,1.046,0.307,1.677,0.393,0.2,0.341,0.441,0.723,0.233,0.309,0.236,0.703,0.739,0.273,0.323,0.121,1.514,0.277,0.939,0.545,0.268,0.201,0.089,0.473,0.272,0.31,0.36,0.74,2.973,2.926,0.644,1.5,0.423,0.421,1.202,0.362,2.523,..,1.913,0.481,2.451,..,1.694,1.073,2.194,2.292,1.024,3.972,5.154,3.621,..,..,2.203,0.568,0.124,0.177,0.412,0.164,0.066,0.142,0.055,0.584,0.313,0.555,0.505,0.173,0.143,0.206,0.18,0.559,0.198,0.296,0.494,0.29,0.372,0.146,0.244,0.228,0.298,1.338,..,0.121,0.183,0.286,0.651,0.112,0.226,0.686,0.287,0.549,0.202,0.431,0.275,1.995,1.151,0.521,..,0.701,2.488,0.601,0.165,0.579,0.48,0.335,0.254,0.693,0.7,0.436,0.188,0.727,1.418,0.208,1.327,0.297,0.448,0.226,0.619,1.089,0.433,0.397,0.247,0.181,0.583,0.103,0.345,0.672,0.435,0.231,0.167,0.321,..,0.825,0.149,1.294,0.247,0.311,1.109,1.09,4.353,0.791,0.556,0.578,0.382,0.818,0.583,6.737,0.48,0.286,0.8
1997,0.37,0.901,0.462,0.411,0.376,0.156,0.392,0.457,0.451,0.429,0.312,0.286,0.586,0.25,0.341,0.223,0.328,1.031,0.257,1.449,0.357,0.191,0.322,0.427,0.682,0.208,0.287,0.234,0.611,0.664,0.242,0.297,0.121,1.368,0.277,0.899,0.534,0.279,0.176,0.085,0.46,0.248,0.295,0.31,0.941,2.65,2.643,1.068,1.683,0.421,0.42,0.942,0.361,2.102,..,1.699,0.485,2.2,..,1.489,1.043,2.012,2.331,1.134,4.517,5.033,3.488,..,..,2.058,0.573,0.119,0.214,0.404,0.164,0.05,0.166,0.06,0.595,0.193,0.483,0.498,0.179,0.145,0.202,0.173,0.572,0.208,0.282,0.527,0.286,0.366,0.145,0.269,0.202,0.32,1.374,..,0.142,0.167,0.193,0.643,0.112,0.286,0.619,0.289,0.561,0.217,0.472,0.284,2.063,1.168,0.549,..,0.699,2.346,0.564,0.18,0.594,0.505,0.306,0.23,0.703,0.738,0.475,0.191,0.741,1.322,0.192,1.241,0.281,0.433,0.234,0.651,2.065,0.453,0.405,0.294,0.182,0.598,0.121,0.339,0.698,0.45,0.227,0.178,0.298,..,0.822,0.143,1.267,0.245,0.314,1.104,1.128,4.233,0.8,0.562,0.601,0.361,0.696,0.583,6.867,0.466,0.292,0.811
1998,0.359,0.896,0.451,0.399,0.375,0.162,0.394,0.441,0.437,0.437,0.3,0.28,0.529,0.245,0.33,0.217,0.329,0.983,0.236,1.273,0.32,0.196,0.313,0.429,0.66,0.193,0.283,0.236,0.547,0.652,0.207,0.284,0.124,1.204,0.29,0.833,0.509,0.275,0.171,0.085,0.446,0.241,0.287,0.351,0.92,2.498,2.357,1.188,1.557,0.436,0.42,0.819,0.367,2.187,..,1.763,0.444,2.131,..,1.582,0.958,2.113,2.251,1.19,4.326,4.826,3.874,..,..,2.102,0.561,0.098,0.216,0.493,0.163,0.047,0.16,0.069,0.583,0.182,0.351,0.494,0.199,0.149,0.29,0.187,0.588,0.229,0.293,0.5,0.25,0.362,0.143,0.238,0.187,0.336,1.406,..,0.119,0.145,0.246,0.64,0.121,0.274,0.613,0.297,0.556,0.209,0.403,0.311,1.923,1.122,0.649,..,0.758,2.279,0.588,0.183,0.58,0.512,0.304,0.242,0.715,0.725,0.496,0.196,0.755,1.266,0.255,1.201,0.286,0.429,0.24,0.642,2.053,0.491,0.392,0.306,0.222,0.617,0.122,0.391,0.746,0.509,0.264,0.186,0.288,..,0.791,0.142,1.272,0.237,0.319,1.131,1.116,2.323,0.804,0.645,0.565,0.359,0.672,0.606,7.073,0.472,0.299,0.785
1999,0.349,0.867,0.437,0.421,0.341,0.156,0.373,0.422,0.419,0.426,0.298,0.291,0.525,0.246,0.339,0.204,0.306,0.909,0.216,1.208,0.302,0.186,0.296,0.418,0.647,0.182,0.266,0.235,0.492,0.549,0.2,0.262,0.126,1.117,0.313,0.818,0.464,0.285,0.161,0.084,0.46,0.233,0.276,0.517,0.797,2.201,2.191,1.048,1.488,0.455,0.418,0.71,0.369,1.925,..,1.374,0.43,1.868,..,1.395,0.825,2.038,1.769,1.053,4.345,4.784,3.745,..,..,2.008,0.575,0.122,0.228,0.479,0.14,0.056,0.218,0.071,0.574,0.169,0.372,0.515,0.187,0.154,0.297,0.191,0.624,0.224,0.351,0.526,0.222,0.344,0.14,0.249,0.186,0.353,1.289,..,0.126,0.127,0.317,0.633,0.114,0.212,0.701,0.296,0.544,0.207,0.38,0.28,2.095,1.109,0.69,..,0.777,2.227,0.601,0.239,0.61,0.479,0.293,0.26,0.706,0.72,0.474,0.194,0.762,1.137,0.266,1.084,0.3,0.401,0.248,0.624,1.949,0.493,0.36,0.296,0.21,0.595,0.125,0.397,0.759,0.48,0.221,0.189,0.312,..,0.732,0.172,1.311,0.242,0.325,1.066,1.227,1.355,0.78,0.722,0.599,0.409,0.716,0.647,7.113,0.468,0.322,0.805
2000,0.343,0.849,0.433,0.37,0.348,0.148,0.381,0.418,0.415,0.421,0.297,0.287,0.523,0.244,0.336,0.199,0.3,0.972,0.193,1.057,0.278,0.178,0.286,0.436,0.582,0.182,0.256,0.228,0.43,0.455,0.2,0.252,0.105,1.025,0.299,0.768,0.435,0.287,0.143,0.079,0.486,0.227,0.267,0.511,0.879,2.196,1.996,1.323,1.39,0.421,0.41,0.737,0.372,1.694,1.43,1.255,0.318,1.675,..,1.281,0.841,1.892,1.789,0.836,3.775,4.397,3.822,..,..,1.88,0.56,0.116,0.229,0.48,0.158,0.067,0.21,0.052,0.534,0.116,0.415,0.439,0.186,0.151,0.24,0.217,0.617,0.212,0.359,0.526,0.253,0.319,0.144,0.265,0.231,0.337,1.266,..,0.125,0.145,0.278,0.634,0.11,0.205,0.625,0.298,0.533,0.2,0.39,0.263,2.256,1.113,0.656,0.175,0.773,2.303,0.576,0.233,0.584,0.463,0.3,0.277,0.723,0.693,0.488,0.203,0.755,1.104,0.227,1.051,0.3,0.396,0.249,0.599,1.951,0.493,0.365,0.294,0.234,0.577,0.132,0.381,0.759,0.482,0.223,0.158,0.298,0.501,0.705,0.141,1.322,0.219,0.323,1.026,1.213,1.738,0.84,0.772,0.53,0.45,0.631,0.635,7.041,0.413,0.322,0.797
2001,0.339,0.845,0.419,0.345,0.346,0.156,0.383,0.412,0.409,0.418,0.304,0.283,0.512,0.255,0.334,0.21,0.304,0.943,0.198,1.014,0.301,0.176,0.288,0.429,0.576,0.171,0.256,0.224,0.428,0.454,0.209,0.254,0.106,1.009,0.293,0.753,0.446,0.277,0.138,0.081,0.469,0.228,0.265,0.493,0.811,1.951,1.862,1.272,1.426,0.434,0.387,0.513,0.373,1.456,1.735,1.007,0.376,1.653,..,1.344,0.856,1.801,1.754,0.738,3.19,4.082,3.686,..,..,1.787,0.557,0.121,0.265,0.449,0.148,0.089,0.208,0.045,0.576,0.083,0.419,0.441,0.219,0.149,0.255,0.189,0.614,0.202,0.367,0.532,0.222,0.399,0.133,0.278,0.215,0.352,1.39,..,0.124,0.144,0.227,0.641,0.101,0.206,0.63,0.299,0.558,0.235,0.37,0.268,2.404,1.08,0.68,0.185,0.806,2.196,0.453,0.238,0.569,0.448,0.302,0.279,0.743,0.703,0.503,0.221,0.755,1.071,0.226,1.023,0.297,0.388,0.251,0.562,1.961,0.487,0.389,0.302,0.237,0.559,0.136,0.438,0.751,0.49,0.267,0.166,0.273,0.491,0.777,0.128,1.334,0.2,0.324,1.033,1.242,2.11,0.789,0.831,0.552,0.485,0.638,0.653,7.136,0.473,0.337,0.838
2002,0.332,0.839,0.422,0.339,0.324,0.154,0.392,0.394,0.394,0.41,0.321,0.292,0.491,0.243,0.338,0.211,0.283,0.899,0.196,0.923,0.308,0.172,0.284,0.414,0.543,0.178,0.237,0.227,0.399,0.428,0.218,0.254,0.103,0.974,0.31,0.712,0.437,0.287,0.139,0.078,0.464,0.218,0.262,0.549,0.594,1.76,1.768,1.275,1.269,0.435,0.382,0.406,0.372,1.451,1.732,1.269,0.341,1.56,..,1.242,0.798,1.709,1.78,0.667,2.897,3.916,3.628,..,..,1.703,0.571,0.116,0.295,0.436,0.151,0.07,0.215,0.047,0.567,0.113,0.399,0.41,0.225,0.14,0.298,0.18,0.66,0.155,0.367,0.534,0.213,0.325,0.133,0.248,0.225,0.359,1.384,..,0.145,0.153,0.239,0.633,0.107,0.206,0.623,0.298,0.55,0.242,0.36,0.259,2.296,1.074,0.665,0.182,0.803,2.228,0.409,0.19,0.569,0.426,0.286,0.284,0.729,0.701,0.551,0.223,0.747,1.06,0.218,1.015,0.314,0.406,0.243,0.528,1.87,0.513,0.373,0.298,0.245,0.545,0.152,0.448,0.758,0.503,0.227,0.174,0.272,0.345,0.797,0.126,1.545,0.106,0.32,1.051,1.204,2.146,0.765,0.839,0.533,0.524,0.705,0.72,6.896,0.471,0.325,0.857
2003,0.331,0.845,0.43,0.332,0.308,0.157,0.407,0.388,0.39,0.398,0.326,0.29,0.483,0.247,0.334,0.225,0.293,0.89,0.215,0.969,0.341,0.173,0.287,0.407,0.547,0.173,0.229,0.236,0.38,0.387,0.223,0.258,0.11,0.976,0.289,0.684,0.421,0.283,0.14,0.08,0.463,0.216,0.265,0.53,0.587,1.742,1.671,1.256,1.328,0.441,0.412,0.389,0.368,1.497,1.778,1.316,0.369,1.58,..,1.319,0.817,1.623,1.83,0.607,2.747,3.879,3.272,..,..,1.65,0.566,0.145,0.321,0.402,0.148,0.104,0.176,0.054,0.57,0.11,0.413,0.366,0.249,0.138,0.272,0.152,0.595,0.188,0.365,0.498,0.241,0.333,0.142,0.244,0.188,0.331,1.433,..,0.14,0.149,0.287,0.599,0.107,0.205,0.613,0.297,0.547,0.244,0.421,0.253,2.345,1.022,0.699,0.178,0.797,2.01,0.455,0.198,0.556,0.418,0.253,0.292,0.728,0.682,0.541,0.227,0.733,1.117,0.23,1.073,0.313,0.42,0.236,0.494,1.87,0.464,0.369,0.323,0.241,0.547,0.146,0.476,0.753,0.536,0.22,0.173,0.254,0.36,0.856,0.123,1.61,0.121,0.314,1.029,1.155,1.054,0.759,0.737,0.522,0.549,0.712,0.675,7.078,0.452,0.363,0.793
2004,0.324,0.849,0.406,0.342,0.292,0.15,0.403,0.378,0.38,0.397,0.312,0.282,0.478,0.232,0.328,0.223,0.277,0.851,0.189,0.911,0.309,0.169,0.278,0.386,0.505,0.165,0.217,0.238,0.351,0.384,0.244,0.256,0.108,0.941,0.29,0.629,0.411,0.29,0.13,0.079,0.43,0.211,0.259,0.527,0.562,1.57,1.59,1.234,1.224,0.411,0.386,0.39,0.388,1.483,1.785,1.213,0.367,1.466,..,1.219,0.716,1.509,1.814,0.656,2.563,3.217,3.125,..,..,1.525,0.552,0.143,0.329,0.402,0.141,0.108,0.183,0.054,0.597,0.345,0.418,0.35,0.235,0.14,0.237,0.163,0.563,0.191,0.352,0.539,0.226,0.325,0.148,0.221,0.169,0.368,1.477,..,0.147,0.197,0.273,0.585,0.105,0.192,0.623,0.285,0.551,0.247,0.393,0.231,2.397,1.015,0.681,0.176,0.823,1.887,0.387,0.176,0.579,0.4,0.239,0.285,0.711,0.703,0.612,0.218,0.731,1.182,0.194,1.133,0.318,0.434,0.237,0.462,1.936,0.418,0.374,0.333,0.237,0.557,0.135,0.505,0.741,0.524,0.206,0.168,0.28,0.38,0.837,0.151,1.409,0.12,0.313,0.956,1.195,0.732,0.752,0.715,0.491,0.535,0.661,0.663,7.027,0.439,0.37,0.77
2005,0.316,0.847,0.403,0.329,0.286,0.148,0.411,0.367,0.37,0.388,0.288,0.279,0.457,0.234,0.322,0.219,0.265,0.786,0.173,0.828,0.246,0.167,0.27,0.39,0.481,0.152,0.214,0.237,0.322,0.384,0.244,0.245,0.102,0.908,0.304,0.607,0.401,0.292,0.117,0.078,0.411,0.205,0.252,0.476,0.587,1.316,1.467,1.236,1.157,0.401,0.376,0.452,0.392,1.449,1.657,1.146,0.359,1.422,0.65,1.211,0.678,1.412,1.51,0.577,2.343,2.994,2.754,..,..,1.421,0.553,0.096,0.355,0.413,0.135,0.107,0.193,0.062,0.645,0.326,0.34,0.329,0.192,0.171,0.24,0.173,0.559,0.191,0.371,0.549,0.19,0.332,0.131,0.217,0.168,0.368,1.392,..,0.163,0.208,0.268,0.578,0.12,0.195,0.726,0.279,0.539,0.249,0.384,0.228,2.505,0.983,0.648,0.171,0.841,2.048,0.361,0.194,0.546,0.386,0.207,0.292,0.696,0.698,0.613,0.215,0.712,1.21,0.191,1.162,0.302,0.441,0.23,0.429,2.019,0.415,0.385,0.335,0.246,0.503,0.134,0.437,0.736,0.48,0.248,0.152,0.262,0.44,0.855,0.14,1.35,0.122,0.306,1.035,1.254,0.699,0.742,0.735,0.464,0.522,0.66,0.661,8.324,0.443,0.369,0.787
2006,0.305,0.835,0.386,0.318,0.26,0.151,0.406,0.35,0.354,0.383,0.287,0.27,0.439,0.228,0.313,0.205,0.251,0.74,0.193,0.721,0.286,0.159,0.264,0.365,0.458,0.146,0.207,0.229,0.304,0.359,0.226,0.231,0.102,0.89,0.275,0.548,0.388,0.274,0.109,0.074,0.428,0.2,0.245,0.446,0.521,0.991,1.388,1.288,1.108,0.382,0.362,0.46,0.399,1.443,1.615,1.108,0.353,1.306,0.651,1.148,0.655,1.354,1.5,0.585,2.16,2.858,2.738,..,..,1.365,0.561,0.115,0.415,0.366,0.138,0.12,0.184,0.064,0.633,0.311,0.308,0.313,0.184,0.182,0.278,0.184,0.553,0.173,0.396,0.521,0.186,0.314,0.123,0.185,0.155,0.345,1.325,..,0.191,0.218,0.241,0.569,0.135,0.167,0.701,0.278,0.521,0.257,0.55,0.229,2.499,0.972,0.656,0.202,0.827,2.125,0.294,0.152,0.56,0.336,0.191,0.239,0.678,0.67,0.59,0.206,0.7,1.184,0.176,1.139,0.296,0.461,0.224,0.389,1.941,0.408,0.398,0.338,0.233,0.431,0.133,0.467,0.818,0.486,0.241,0.156,0.239,0.376,0.853,0.158,1.213,0.123,0.298,1.056,1.284,0.637,0.695,0.711,0.447,0.666,0.599,0.684,8.403,0.418,0.359,0.789
2007,0.301,0.812,0.399,0.342,0.251,0.156,0.403,0.349,0.354,0.377,0.281,0.274,0.431,0.212,0.314,0.19,0.232,0.71,0.175,0.817,0.264,0.151,0.246,0.368,0.443,0.138,0.193,0.222,0.288,0.328,0.198,0.223,0.101,0.826,0.26,0.484,0.361,0.274,0.102,0.068,0.451,0.191,0.236,0.419,0.529,0.719,1.244,1.282,1.109,0.387,0.36,0.492,0.386,1.434,1.563,1.248,0.345,1.254,0.587,1.136,0.593,1.245,1.366,0.664,2.211,2.708,2.438,..,..,1.269,0.572,0.122,0.456,0.37,0.176,0.138,0.179,0.065,0.636,0.325,0.296,0.31,0.185,0.184,0.289,0.171,0.491,0.168,0.385,0.518,0.21,0.309,0.131,0.162,0.13,0.376,1.315,..,0.194,0.187,0.241,0.555,0.152,0.137,0.732,0.284,0.512,0.256,0.52,0.253,2.089,0.996,0.646,0.199,0.855,2.046,0.273,0.152,0.584,0.333,0.181,0.245,0.641,0.656,0.608,0.2,0.7,1.125,0.174,1.085,0.286,0.496,0.221,0.374,2.052,0.382,0.397,0.352,0.237,0.485,0.153,0.472,0.807,0.479,0.215,0.139,0.243,0.33,0.835,0.137,1.082,0.128,0.29,0.998,1.268,0.573,0.668,0.658,0.368,0.699,0.58,0.708,8.415,0.437,0.368,0.791
2008,0.292,0.793,0.382,0.348,0.244,0.149,0.401,0.338,0.343,0.371,0.273,0.262,0.427,0.219,0.306,0.185,0.238,0.659,0.166,0.757,0.227,0.149,0.246,0.356,0.432,0.124,0.2,0.217,0.283,0.317,0.198,0.219,0.103,0.781,0.25,0.455,0.372,0.249,0.1,0.068,0.441,0.186,0.23,0.383,0.544,0.7,1.183,1.334,0.994,0.36,0.355,0.411,0.395,1.625,1.653,1.363,0.334,1.151,0.703,1.053,0.534,1.198,1.257,0.582,1.943,2.554,2.326,..,..,1.224,0.579,0.133,0.441,0.366,0.178,0.163,0.2,0.068,0.62,0.253,0.318,0.301,0.181,0.187,0.249,0.179,0.533,0.167,0.373,0.518,0.194,0.345,0.128,0.171,0.117,0.383,1.373,..,0.203,0.177,0.282,0.534,0.147,0.161,0.689,0.279,0.517,0.263,0.56,0.24,2.379,1.041,0.594,0.221,0.871,1.889,0.19,0.16,0.534,0.329,0.178,0.217,0.608,0.659,0.647,0.202,0.702,1.058,0.165,1.023,0.282,0.498,0.222,0.348,1.988,0.369,0.378,0.31,0.207,0.475,0.148,0.456,0.646,0.443,0.182,0.152,0.253,0.327,0.793,0.171,1.087,0.132,0.288,1.011,1.284,0.614,0.587,0.695,0.431,0.625,0.527,0.728,8.307,0.499,0.377,0.805
2009,0.285,0.784,0.374,0.34,0.256,0.143,0.418,0.322,0.33,0.37,0.267,0.265,0.432,0.202,0.31,0.176,0.23,0.662,0.168,0.727,0.238,0.148,0.243,0.355,0.419,0.132,0.189,0.205,0.299,0.337,0.194,0.221,0.105,0.734,0.26,0.444,0.362,0.232,0.097,0.068,0.461,0.177,0.225,0.376,0.513,0.544,1.118,1.343,0.896,0.367,0.359,0.484,0.454,1.435,1.748,1.233,0.311,1.214,0.484,0.986,0.481,1.205,1.215,0.439,1.62,2.54,1.964,..,..,1.184,0.614,0.156,0.471,0.384,0.195,0.167,0.179,0.068,0.605,0.195,0.295,0.308,0.167,0.199,0.277,0.207,0.602,0.165,0.357,0.493,0.206,0.355,0.159,0.133,0.114,0.382,1.318,..,0.213,0.16,0.556,0.52,0.153,0.158,0.62,0.281,0.497,0.273,0.587,0.275,2.206,1.032,0.592,0.234,0.789,2.032,0.169,0.182,0.542,0.327,0.18,0.2,0.588,0.637,0.679,0.225,0.698,1.034,0.178,1.004,0.28,0.511,0.207,0.347,1.894,0.351,0.41,0.307,0.226,0.466,0.137,0.437,0.538,0.447,0.22,0.16,0.269,0.317,0.793,0.158,1.134,0.138,0.282,0.98,1.316,0.627,0.584,0.771,0.463,0.63,0.477,0.775,7.228,0.534,0.401,0.832
2010,0.289,0.785,0.372,0.343,0.248,0.141,0.413,0.328,0.334,0.363,0.271,0.268,0.45,0.198,0.314,0.189,0.238,0.652,0.167,0.933,0.265,0.147,0.246,0.348,0.417,0.127,0.186,0.206,0.352,0.358,0.197,0.233,0.111,0.752,0.229,0.44,0.365,0.22,0.103,0.068,0.436,0.18,0.226,0.379,0.476,0.497,1.115,1.351,0.924,0.356,0.339,0.427,0.452,1.457,1.727,1.148,0.304,1.235,0.697,0.934,0.483,1.224,1.213,0.411,1.591,2.607,1.987,..,..,1.206,0.593,0.153,0.504,0.281,0.199,0.177,0.185,0.068,0.583,0.225,0.287,0.241,0.15,0.239,0.288,0.206,0.602,0.182,0.366,0.51,0.206,0.293,0.186,0.152,0.112,0.374,1.349,..,0.211,0.181,0.479,0.554,0.137,0.152,0.651,0.281,0.495,0.29,0.528,0.284,2.333,1.014,0.595,0.244,0.82,1.978,0.178,0.209,0.512,0.329,0.171,0.199,0.57,0.64,0.722,0.227,0.692,1.027,0.155,0.998,0.272,0.534,0.22,0.357,1.377,0.34,0.428,0.292,0.202,0.483,0.181,0.415,0.521,0.437,0.223,0.161,0.273,0.365,0.871,0.121,1.246,0.133,0.288,0.981,1.23,0.684,0.556,0.808,0.405,0.676,0.469,0.813,7.018,0.528,0.355,0.823
2011,0.278,0.787,0.369,0.354,0.25,0.141,0.414,0.309,0.319,0.352,0.253,0.281,0.456,0.19,0.321,0.179,0.211,0.623,0.146,0.865,0.228,0.138,0.228,0.381,0.402,0.12,0.166,0.201,0.311,0.316,0.193,0.213,0.107,0.706,0.23,0.407,0.361,0.224,0.092,0.061,0.421,0.163,0.214,0.389,0.525,0.559,1.004,1.53,1.006,0.35,0.326,0.471,0.429,1.477,1.602,1.293,0.301,1.162,0.663,1.003,0.499,1.236,1.296,0.402,1.515,2.596,1.894,..,..,1.219,0.619,0.157,0.472,0.314,0.187,0.198,0.186,0.079,0.592,0.22,0.252,0.227,0.156,0.25,0.262,0.198,0.876,0.21,0.349,0.53,0.24,0.282,0.185,0.169,0.108,0.391,1.257,..,0.205,0.211,0.412,0.54,0.142,0.158,0.925,0.238,0.49,0.297,0.52,0.274,1.759,1.025,0.645,0.238,0.783,1.857,0.181,0.216,0.502,0.319,0.17,0.216,0.563,0.629,0.677,0.238,0.692,1.027,0.158,0.998,0.27,0.553,0.222,0.34,1.769,0.335,0.397,0.293,0.199,0.477,0.198,0.481,0.517,0.432,0.216,0.161,0.278,0.384,0.896,0.139,1.152,0.101,0.284,0.963,1.22,0.658,0.57,0.78,0.408,0.756,0.477,0.761,6.471,0.512,0.36,0.798
2012,0.27,0.77,0.361,0.342,0.24,0.135,0.402,0.289,0.3,0.339,0.27,0.287,0.443,0.196,0.321,0.169,0.208,0.606,0.129,0.768,0.207,0.139,0.231,0.385,0.376,0.118,0.168,0.197,0.277,0.304,0.186,0.213,0.103,0.681,0.233,0.382,0.357,0.227,0.087,0.062,0.417,0.169,0.213,0.323,0.57,0.597,1.009,1.425,0.901,0.327,0.314,0.491,0.428,1.386,1.486,1.716,0.305,1.136,0.627,0.968,0.476,1.191,1.167,0.447,1.418,2.538,1.545,..,..,1.166,0.661,0.164,0.429,0.282,0.184,0.192,0.222,0.071,0.6,0.223,0.248,0.213,0.152,0.249,0.287,0.172,0.612,0.256,0.345,0.53,0.242,0.278,0.226,0.174,0.111,0.369,1.284,0.119,0.241,0.242,0.34,0.547,0.139,0.18,0.621,0.241,0.491,0.302,0.512,0.267,1.674,1.054,0.61,0.234,0.748,1.803,0.233,0.232,0.492,0.308,0.159,0.226,0.544,0.63,0.638,0.206,0.69,0.98,0.154,0.955,0.276,0.561,0.236,0.344,1.802,0.338,0.392,0.283,0.201,0.496,0.175,0.483,0.478,0.401,0.203,0.158,0.257,0.466,0.816,0.152,1.164,0.111,0.293,0.97,1.284,0.64,0.639,0.745,0.451,0.774,0.507,0.77,6.774,0.529,0.322,0.804
2013,0.267,0.753,0.358,0.351,0.264,0.137,0.39,0.291,0.301,0.326,0.227,0.284,0.429,0.19,0.313,0.171,0.208,0.582,0.134,0.844,0.212,0.138,0.236,0.353,0.348,0.122,0.16,0.185,0.268,0.277,0.171,0.212,0.104,0.665,0.225,0.386,0.345,0.208,0.083,0.063,0.367,0.161,0.207,0.335,0.531,0.576,0.999,1.384,0.797,0.318,0.29,0.523,0.448,1.388,1.441,1.411,0.252,0.908,0.588,0.841,0.419,1.142,1.155,0.433,1.37,2.47,1.432,..,..,1.12,0.663,0.184,0.424,0.403,0.192,0.218,0.221,0.074,0.581,0.239,0.258,0.243,0.162,0.247,0.288,0.179,0.816,0.267,0.342,0.5,0.26,0.271,0.205,0.191,0.118,0.381,1.288,0.096,0.234,0.251,0.253,0.538,0.134,0.185,0.611,0.226,0.493,0.3,0.515,0.25,1.255,1.02,0.541,0.267,0.773,1.739,0.244,0.224,0.477,0.321,0.153,0.179,0.532,0.636,0.634,0.191,0.666,0.951,0.154,0.928,0.276,0.56,0.246,0.336,1.661,0.315,0.391,0.266,0.208,0.473,0.184,0.48,0.507,0.363,0.185,0.152,0.248,0.423,0.814,0.125,1.127,0.114,0.295,0.973,1.364,0.643,0.613,0.746,0.427,0.765,0.489,0.764,6.274,0.53,0.417,0.805
2014,0.256,0.73,0.351,0.318,0.259,0.133,0.368,0.284,0.293,0.31,0.211,0.271,0.405,0.183,0.299,0.16,0.19,0.552,0.117,0.76,0.196,0.124,0.219,0.335,0.332,0.116,0.145,0.175,0.256,0.258,0.158,0.199,0.102,0.611,0.219,0.345,0.301,0.202,0.078,0.056,0.377,0.142,0.194,0.372,0.512,0.586,0.969,1.22,0.838,0.303,0.303,0.545,0.472,1.092,1.246,1.405,0.233,0.935,0.566,0.768,0.397,1.121,0.984,0.543,1.288,2.322,1.251,..,..,1.06,0.678,0.188,0.444,0.491,0.202,0.213,0.215,0.079,0.576,0.24,0.198,0.246,0.175,0.235,0.267,0.195,1.053,0.269,0.341,0.506,0.279,0.264,0.212,0.2,0.113,0.399,1.303,0.098,0.236,0.226,0.211,0.552,0.141,0.212,0.585,0.227,0.495,0.298,0.516,0.285,1.376,1.038,0.552,0.261,0.768,1.581,0.284,0.257,0.489,0.321,0.148,0.205,0.517,0.62,0.659,0.204,0.677,0.886,0.154,0.866,0.278,0.57,0.257,0.309,1.846,0.293,0.394,0.271,0.212,0.485,0.204,0.457,0.485,0.369,0.187,0.153,0.259,0.488,0.78,0.106,1.159,0.117,0.3,0.982,1.35,0.607,0.637,0.728,0.453,0.797,0.502,0.791,7.169,0.51,0.411,0.809
2015,0.248,0.697,0.345,0.335,0.256,0.123,0.365,0.269,0.28,0.306,0.211,0.259,0.401,0.178,0.29,0.161,0.198,0.53,0.108,0.619,0.181,0.125,0.217,0.33,0.341,0.116,0.121,0.179,0.251,0.255,0.147,0.205,0.103,0.593,0.235,0.331,0.296,0.207,0.074,0.054,0.369,0.134,0.192,0.337,0.484,0.576,0.934,1.178,0.856,0.303,0.3,0.573,0.506,0.96,1.369,1.435,0.149,0.981,0.582,0.709,0.393,1.13,1.128,0.536,1.357,2.061,1.1,..,..,1.032,0.694,0.191,0.465,0.513,0.185,0.266,0.211,0.071,0.57,0.252,0.245,0.24,0.16,0.226,0.28,0.202,0.94,0.285,0.33,0.5,0.299,0.283,0.206,0.186,0.119,0.422,1.216,0.129,0.262,0.25,0.176,0.559,0.152,0.222,0.579,0.24,0.478,0.307,0.462,0.321,1.046,0.976,0.533,0.534,0.731,1.473,0.298,0.233,0.502,0.329,0.147,0.216,0.51,0.618,0.698,0.232,0.658,0.82,0.14,0.801,0.28,0.558,0.253,0.325,1.861,0.303,0.392,0.282,0.242,0.477,0.216,0.481,0.474,0.392,0.176,0.166,0.258,0.526,0.762,0.108,1.121,0.117,0.297,0.968,1.361,0.562,0.614,0.76,0.493,0.809,0.498,0.794,6.706,0.501,0.27,0.801
2016,0.242,0.67,0.341,0.346,0.26,0.128,0.361,0.26,0.272,0.304,0.2,0.253,0.391,0.166,0.284,0.159,0.192,0.526,0.109,0.665,0.187,0.124,0.214,0.324,0.34,0.087,0.125,0.175,0.244,0.253,0.135,0.202,0.099,0.597,0.228,0.333,0.305,0.194,0.072,0.054,0.38,0.124,0.189,0.314,0.465,0.607,0.965,1.301,0.772,0.3,0.299,0.579,0.481,1.039,1.369,1.302,0.118,0.956,0.515,0.672,0.374,1.111,1.12,0.575,1.351,2.122,1.105,..,..,1.026,0.655,0.179,0.555,0.457,0.184,0.264,0.191,0.057,0.568,0.294,0.232,0.254,0.174,0.233,0.275,0.208,0.901,0.265,0.324,0.496,0.371,0.308,0.194,0.201,0.115,0.43,1.201,0.13,0.285,0.241,0.249,0.545,0.159,0.227,0.513,0.248,0.475,0.32,0.508,0.369,1.137,0.912,0.498,0.933,0.688,1.525,0.313,0.343,0.533,0.337,0.141,0.248,0.51,0.588,0.729,0.229,0.635,0.766,0.139,0.75,0.283,0.572,0.241,0.301,1.628,0.297,0.379,0.282,0.253,0.52,0.218,0.412,0.5,0.383,0.169,0.18,0.261,0.605,0.708,0.105,1.238,0.12,0.289,0.921,1.254,0.549,0.587,0.754,0.502,0.772,0.495,0.774,6.525,0.491,0.232,0.77
2017,0.235,0.656,0.337,0.344,0.231,0.125,0.355,0.249,0.262,0.299,0.194,0.246,0.391,0.17,0.279,0.161,0.186,0.502,0.099,0.659,0.171,0.123,0.204,0.321,0.342,0.086,0.11,0.17,0.232,0.243,0.135,0.193,0.097,0.592,0.241,0.345,0.294,0.201,0.069,0.051,0.395,0.117,0.186,0.36,0.454,0.6,0.96,1.278,0.794,0.296,0.287,0.551,0.466,1.051,1.17,1.2,0.12,0.895,0.519,0.711,0.358,1.111,1.113,0.582,1.431,1.795,1.106,..,..,1.009,0.659,0.166,0.536,0.485,0.181,0.267,0.198,0.056,0.573,0.294,0.257,0.252,0.155,0.176,0.269,0.214,0.694,0.278,0.322,0.497,0.358,0.299,0.168,0.182,0.12,0.395,1.214,0.121,0.285,0.226,0.172,0.553,0.156,0.291,0.456,0.267,0.469,0.323,0.525,0.366,2.444,0.901,0.5,1.065,0.633,1.547,0.431,0.376,0.562,0.349,0.142,0.232,0.505,0.57,0.688,0.228,0.636,0.732,0.132,0.717,0.269,0.558,0.245,0.287,1.327,0.27,0.348,0.244,0.229,0.503,0.21,0.371,0.477,0.367,0.151,0.193,0.243,0.491,0.741,0.096,1.406,0.074,0.281,0.887,1.259,0.625,0.604,0.791,0.526,0.772,0.515,0.757,7.584,0.465,0.212,0.777
2018,0.231,0.647,0.335,0.33,0.237,0.122,0.326,0.25,0.261,0.289,0.174,0.236,0.392,0.161,0.271,0.15,0.184,0.482,0.097,0.596,0.174,0.117,0.195,0.308,0.324,0.083,0.101,0.166,0.241,0.242,0.138,0.184,0.095,0.556,0.218,0.326,0.28,0.192,0.064,0.048,0.379,0.114,0.178,0.345,0.451,0.601,0.984,1.225,0.719,0.272,0.268,0.511,0.467,1.033,1.146,1.376,0.114,0.91,0.544,0.646,0.341,1.119,1.037,0.642,1.468,1.842,0.976,..,..,1.003,0.683,0.167,0.543,0.513,0.189,0.288,0.183,0.073,0.531,0.293,0.258,0.246,0.161,0.168,0.279,0.202,0.649,0.25,0.307,0.494,0.329,0.292,0.162,0.188,0.124,0.394,1.208,0.144,0.289,0.221,0.222,0.539,0.165,0.316,0.491,0.275,0.463,0.309,0.559,0.332,2.208,0.889,0.531,1.018,0.653,1.574,0.404,0.396,0.493,0.341,0.131,0.212,0.482,0.536,0.813,0.233,0.633,0.719,0.128,0.704,0.272,0.541,0.229,0.284,1.091,0.273,0.36,0.255,0.248,0.504,0.204,0.345,0.563,0.353,0.144,0.197,0.235,0.411,0.727,0.103,1.558,0.077,0.271,0.88,1.27,0.642,0.557,0.789,0.505,0.806,0.501,0.701,8.574,0.414,0.265,0.752
2019,0.219,0.633,0.326,0.348,0.227,0.117,0.337,0.236,0.248,0.282,0.173,0.229,0.367,0.163,0.262,0.152,0.179,0.444,0.085,0.362,0.16,0.112,0.179,0.278,0.308,0.079,0.091,0.161,0.232,0.231,0.137,0.174,0.091,0.503,0.19,0.298,0.261,0.176,0.062,0.048,0.368,0.108,0.167,0.313,0.455,0.62,0.941,1.111,0.663,0.265,0.256,0.515,0.468,0.942,1.14,1.151,0.113,0.914,0.544,0.711,0.322,1.094,0.992,0.665,1.491,1.674,0.955,..,..,0.967,0.702,0.186,0.5,0.444,0.178,0.344,0.182,0.072,0.46,0.307,0.257,0.257,0.164,0.163,0.278,0.196,0.73,0.295,0.301,0.534,0.351,0.301,0.173,0.192,0.117,0.368,1.221,0.148,0.303,0.229,0.207,0.533,0.154,0.311,0.481,0.282,0.456,0.298,0.502,0.38,2.463,0.851,0.543,0.938,0.635,1.599,0.388,0.316,0.47,0.339,0.129,0.232,0.453,0.547,0.911,0.236,0.622,0.69,0.128,0.678,0.263,0.526,0.224,0.236,0.871,0.291,0.356,0.288,0.253,0.519,0.209,0.386,0.542,0.375,0.19,0.192,0.24,0.501,0.701,0.107,1.772,0.077,0.263,0.932,1.441,0.659,0.517,0.764,0.546,0.818,0.517,0.693,8.128,0.439,0.256,0.784
2020,0.208,0.629,0.312,0.341,0.239,0.107,0.314,0.216,0.229,0.277,0.165,0.226,0.343,0.154,0.254,0.148,0.173,0.428,0.08,0.263,0.145,0.108,0.171,0.26,0.311,0.075,0.081,0.157,0.219,0.231,0.113,0.161,0.089,0.487,0.179,0.287,0.248,0.165,0.061,0.046,0.361,0.106,0.162,0.271,0.53,0.624,0.897,1.132,0.599,0.272,0.244,0.537,0.449,0.996,1.191,1.126,0.12,0.966,0.624,0.636,0.308,1.072,1.004,0.669,1.581,1.647,1.019,..,..,0.961,0.698,0.144,0.517,0.389,0.183,0.367,0.183,0.075,0.468,0.295,0.263,0.22,0.145,0.157,0.308,0.186,0.898,0.246,0.314,0.542,0.321,0.304,0.169,0.181,0.115,0.348,1.238,0.152,0.292,0.212,0.253,0.559,0.151,0.335,0.42,0.291,0.45,0.273,0.701,0.479,2.317,0.833,0.517,0.925,0.655,1.528,0.387,0.446,0.536,0.347,0.13,0.225,0.436,0.558,0.918,0.307,0.616,0.681,0.107,0.669,0.264,0.485,0.22,0.22,0.891,0.294,0.334,0.252,0.225,0.359,0.209,0.388,0.408,0.334,0.172,0.178,0.219,0.584,0.689,0.109,1.406,0.075,0.246,0.963,1.438,0.705,0.468,0.77,0.603,0.8,0.52,0.707,7.65,0.457,0.244,0.807
2021,0.207,0.623,0.3,0.311,0.234,0.112,0.304,0.218,0.229,0.257,0.149,0.224,0.338,0.147,0.248,0.15,0.17,0.437,0.08,0.29,0.141,0.113,0.173,0.248,0.299,0.076,0.074,0.162,0.212,0.224,0.111,0.156,0.086,0.5,0.162,0.304,0.235,0.169,0.062,0.045,0.354,0.104,0.163,0.285,0.543,0.628,0.887,1.064,0.652,0.251,0.227,0.515,0.452,1.035,1.106,1.19,0.107,0.933,0.559,0.614,0.314,1.106,0.908,0.623,2.045,1.574,1.026,..,..,0.983,0.721,0.191,0.347,0.373,0.172,0.38,0.232,0.068,0.484,0.311,0.27,0.205,0.15,0.16,0.308,0.192,0.792,0.308,0.323,0.544,0.375,0.306,0.198,0.193,0.118,0.416,1.161,0.147,0.32,0.237,0.248,0.57,0.16,0.318,0.434,0.301,0.452,0.292,0.707,0.449,1.902,0.836,0.52,0.96,0.633,1.645,0.391,0.444,0.52,0.349,0.124,0.219,0.423,0.533,0.855,0.297,0.611,0.664,0.102,0.653,0.263,0.542,0.238,0.257,0.912,0.287,0.343,0.26,0.244,0.325,0.211,0.387,0.429,0.335,0.165,0.193,0.239,0.625,0.613,0.127,1.354,0.076,0.258,0.959,1.462,0.767,0.466,0.816,0.509,0.838,0.522,0.692,7.492,0.447,0.238,0.814
2022,0.2,0.612,0.297,0.31,0.207,0.109,0.295,0.217,0.227,0.243,0.146,0.215,0.316,0.133,0.235,0.135,0.153,0.42,0.075,0.348,0.131,0.107,0.168,0.24,0.27,0.072,0.066,0.158,0.187,0.21,0.094,0.136,0.082,0.452,0.155,0.274,0.223,0.164,0.055,0.04,0.327,0.096,0.154,0.252,0.495,0.643,0.885,1.016,0.694,0.245,0.218,0.517,..,1.026,1.025,1.108,0.109,0.838,0.543,0.67,0.287,1.095,0.901,0.592,2.064,1.409,0.922,..,..,0.953,0.73,0.198,0.345,0.369,0.167,0.434,0.235,0.09,0.451,0.322,0.273,0.222,0.139,0.161,0.292,0.187,0.883,0.317,0.301,0.535,0.4,0.284,0.204,0.188,0.139,0.447,1.093,0.145,0.294,0.247,0.241,0.545,0.148,0.345,0.457,0.302,0.436,0.284,0.702,0.423,1.981,0.846,0.581,0.984,0.623,1.637,0.381,0.386,0.506,0.337,0.122,0.208,0.399,0.556,0.806,0.298,0.621,0.647,0.098,0.637,0.27,0.559,0.218,0.23,0.873,0.297,0.35,0.287,0.218,0.217,0.211,0.38,0.479,0.33,0.158,0.175,0.251,0.642,0.633,0.115,1.634,0.076,0.252,0.959,1.428,0.817,0.485,0.789,0.3,0.868,0.53,0.681,7.216,0.402,0.238,0.794
2023,0.19,..,0.292,0.27,0.205,0.102,0.286,0.208,0.219,0.25,0.14,0.199,0.306,0.129,0.225,0.128,0.143,0.37,0.065,0.292,0.122,0.099,0.147,0.216,0.24,0.069,0.063,0.143,0.191,0.198,0.091,0.123,0.075,0.408,0.136,0.275,0.203,0.147,0.056,0.039,0.313,0.09,0.141,0.232,..,..,..,..,0.511,0.241,0.214,0.458,..,0.967,0.886,..,0.102,0.791,0.546,0.651,0.255,..,0.863,..,..,..,..,..,..,..,..,..,..,..,..,..,..,..,..,..,..,..,..,..,..,0.176,..,..,..,0.507,..,..,..,..,..,..,..,..,..,..,..,0.512,..,..,..,..,..,..,..,..,..,..,..,..,..,..,..,..,..,..,..,..,..,..,..,..,..,..,..,..,..,..,0.212,..,..,..,..,..,..,..,..,..,..,..,..,..,..,..,..,..,..,..,..,..,..,..,..,..,..,..,..,..,..,..,..,..
